Model,Accuracy,Accuracy_Fixed_Testing,F1,F1_Fixed_Testing,Epochs,Epochs_Fixed_Testing,Base_Model_Class,FT/Direct_Classes,FT/T_Instance_per_class,Model_Type,Overlapping
240 Class ISL Base Model,0.6079,0.6079,,,,,240,,,BASE,No
200 Class ISL Base Model ,0.6247,0.6247,,,,,200,,,BASE,No
160 Class ISL Base Model,0.6478,0.6478,,,,,160,,,BASE,No
120 Class ISL Base Model,0.6173,0.6173,,,,,120,,,BASE,No
80 Class ISL Base Model,0.6468,0.6468,,,,,80,,,BASE,No
80 Class ISL Base Model (Overlapping class with SSL Dataset),0.6206,0.6206,,,,,80,,,BASE,Yes
80 Class ISL Base Model (Movment Overlapping class with SSL Dataset),0.6905,0.6905,,,,,80,,,BASE,Movement
240 Class ISL Base Model Finetuned with 64 Class SSL- 6 Instance per Class (5 runs avg),0.7746 (±0.0129),0.7616 (±0.0188),0.7663 (±0.0167),0.7595 (±0.0216),83.8000 (±9.9880),63.6000 (±15.5512),240,64,6,FINETUNED,No
200 Class ISL Base Model Finetuned with 64 Class SSL- 6 Instance Per Class (5 runs avg),0.7272 (±0.0089),0.7670 (±0.0189),0.7213 (±0.0095),0.7595 (±0.0207),62.0000 (±7.6942),84.2000 (±18.8616),200,64,6,FINETUNED,No
160 Class ISL Base Model Finetuned with 64 Class SSL- 6 Instance Per Class (5 runs avg),0.7629 (±0.0310),0.7522 (±0.0224),0.7552 (±0.0326),0.7498 (±0.0215),75.4000 (±10.8922),73.0000 (±10.2372),160,64,6,FINETUNED,No
120 Class ISL Base Model Finetuned with 64 Class SSL- 6 Instance Per Class (5 runs avg),0.7067 (±0.0104),0.7429 (±0.0274),0.6972 (±0.0100),0.7408 (±0.0292),82.2000 (±12.3839),82.8000 (±17.5431),120,64,6,FINETUNED,No
80 Class ISL Base Model Finetuned with 64 Class SSL- 6 Instance Per Class (5 runs avg),0.7679 (±0.0149),0.7830 (±0.0134),0.7640 (±0.0150),0.7739 (±0.0172),104.6000 (±14.1789),101.4000 (±11.8423),80,64,6,FINETUNED,No
80 Class ISL Base Model  (Overlapping) Finetuned with 64 Class SSL- 6 Instance Per Class (5 runs avg),0.7286 (±0.0237),0.7536 (±0.0128),0.7201 (±0.0244),0.7465 (±0.0125),100.6000 (±13.5735),103.2000 (±4.8744),80,64,6,FINETUNED,Yes
80 Class ISL Base Model  (Movement Overlapping) Finetuned with 64 Class SSL- 6 Instance Per Class (5 runs avg),,0.7455 (±0.0180),,0.7421 (±0.0195),,90.4000 (±9.1345),80,64,6,FINETUNED,Movement
240 Class ISL Base Model Finetuned with 64 Class SSL- 4 Instance per Class (5 runs avg),0.6457 (±0.0205),0.6612 (±0.0296),0.6401 (±0.0200),0.6484 (±0.0284),74.0000 (±11.0272),66.8000 (±7.4135),240,64,4,FINETUNED,No
200 Class ISL Base Model Finetuned with 64 Class SSL- 4 Instance Per Class (5 runs avg),0.6242 (±0.0285),0.6536 (±0.0273),0.6185 (±0.0279),0.6447 (±0.0272),73.2000 (±10.1666),82.0000 (±6.6332),200,64,4,FINETUNED,No
160 Class ISL Base Model Finetuned with 64 Class SSL- 4 Instance Per Class (5 runs avg),0.6832 (±0.0251),0.6674 (±0.0123),0.6836 (±0.0233),0.6572 (±0.0113),90.6000 (±16.8950),101.0000 (±19.0578),160,64,4,FINETUNED,No
120 Class ISL Base Model Finetuned with 64 Class SSL- 4 Instance Per Class (5 runs avg),0.6062 (±0.0142),0.6196 (±0.0278),0.6043 (±0.0145),0.6179 (±0.0250),77.2000 (±7.9599),76.6000 (±14.5134),120,64,4,FINETUNED,No
80 Class ISL Base Model Finetuned with 64 Class SSL- 4 Instance Per Class (5 runs avg),0.6426 (±0.0092),0.6786 (±0.0136),0.6401 (±0.0103),0.6705 (±0.0130),85.4000 (±11.7405),95.6000 (±13.6616),80,64,4,FINETUNED,No
80 Class ISL Base Model  (Overlapping) Finetuned with 64 Class SSL- 4 Instance Per Class (5 runs avg),0.6527 (±0.0095),0.6330 (±0.0133),0.6464 (±0.0121),0.6246 (±0.0151),97.0000 (±11.6962),92.4000 (±6.9455),80,64,4,FINETUNED,Yes
80 Class ISL Base Model  (Movement Overlapping) Finetuned with 64 Class SSL- 4 Instance Per Class (5 runs avg),,0.6491 (±0.0268),,0.6426 (±0.0269),,106.4000 (±11.6379),80,64,4,FINETUNED,Movement
240 Class ISL Base Model Finetuned with 64 Class SSL- 3 Instance per Class (5 runs avg),0.5654 (±0.0245),0.5741 (±0.0242),0.5554 (±0.0290),0.5700 (±0.0216),81.2000 (±12.2540),72.8000 (±18.4543),240,64,3,FINETUNED,No
200 Class ISL Base Model Finetuned with 64 Class SSL- 3 Instance Per Class (5 runs avg),0.5588 (±0.0295),0.5710 (±0.0182),0.5564 (±0.0279),0.5683 (±0.0176),80.0000 (±6.6933),78.8000 (±13.3477),200,64,3,FINETUNED,No
160 Class ISL Base Model Finetuned with 64 Class SSL- 3 Instance Per Class (5 runs avg),0.5625 (±0.0131),0.5790 (±0.0115),0.5643 (±0.0132),0.5722 (±0.0148),69.4000 (±6.8877),90.6000 (±14.6642),160,64,3,FINETUNED,No
120 Class ISL Base Model Finetuned with 64 Class SSL- 3 Instance Per Class (5 runs avg),0.5588 (±0.0281),0.5393 (±0.0221),0.5514 (±0.0308),0.5316 (±0.0228),82.6000 (±11.2534),72.8000 (±8.4947),120,64,3,FINETUNED,No
80 Class ISL Base Model Finetuned with 64 Class SSL- 3 Instance Per Class (5 runs avg),0.5651 (±0.0237),0.5616 (±0.0162),0.5601 (±0.0255),0.5562 (±0.0151),83.6000 (±5.3889),81.0000 (±11.6790),80,64,3,FINETUNED,No
80 Class ISL Base Model  (Overlapping) Finetuned with 64 Class SSL- 3 Instance Per Class (5 runs avg),0.5687 (±0.0207),0.5732 (±0.0187),0.5660 (±0.0234),0.5563 (±0.0179),100.2000 (±4.5782),96.0000 (±13.3866),80,64,3,FINETUNED,Yes
80 Class ISL Base Model  (Movement Overlapping) Finetuned with 64 Class SSL- 3 Instance Per Class (5 runs avg),,0.5634 (±0.0143),,0.5530 (±0.0159),,99.8000 (±8.1584),80,64,3,FINETUNED,Movement
240 Class ISL Base Model Finetuned with 64 Class SSL- 2 Instance per Class (5 runs avg),0.4465 (±0.0298),0.4576 (±0.0278),0.4415 (±0.0298),0.4407 (±0.0284),61.6000 (±15.1605),68.0000 (±12.7593),240,64,2,FINETUNED,No
200 Class ISL Base Model Finetuned with 64 Class SSL- 2 Instance Per Class (5 runs avg),0.4559 (±0.0195),0.4348 (±0.0186),0.4532 (±0.0205),0.4291 (±0.0163),73.8000 (±11.4612),76.8000 (±9.8671),200,64,2,FINETUNED,No
160 Class ISL Base Model Finetuned with 64 Class SSL- 2 Instance Per Class (5 runs avg),0.4819 (±0.0297),0.4290 (±0.0121),0.4789 (±0.0297),0.4225 (±0.0095),75.4000 (±12.3548),76.0000 (±3.6332),160,64,2,FINETUNED,No
120 Class ISL Base Model Finetuned with 64 Class SSL- 2 Instance Per Class (5 runs avg),0.4333 (±0.0199),0.4576 (±0.0195),0.4278 (±0.0232),0.4492 (±0.0189),71.8000 (±8.2801),71.6000 (±7.2829),120,64,2,FINETUNED,No
80 Class ISL Base Model Finetuned with 64 Class SSL- 2 Instance Per Class (5 runs avg),0.4990 (±0.0257),0.4879 (±0.0178),0.4909 (±0.0241),0.4793 (±0.0126),84.0000 (±3.7947),86.6000 (±14.9345),80,64,2,FINETUNED,No
80 Class ISL Base Model  (Overlapping) Finetuned with 64 Class SSL- 2 Instance Per Class (5 runs avg),0.4719 (±0.0428),0.4290 (±0.0397),0.4606 (±0.0448),0.4185 (±0.0410),102.6000 (±20.5777),93.4000 (±15.2656),80,64,2,FINETUNED,Yes
80 Class ISL Base Model  (Movement Overlapping) Finetuned with 64 Class SSL- 2 Instance Per Class (5 runs avg),,0.4138 (±0.0126),,0.3960 (±0.0116),,87.2000 (±4.9960),80,64,2,FINETUNED,Movement
240 Class ISL Base Model Finetuned with 48 Class SSL- 6 Instance per Class (5 runs avg),0.7500 (±0.0192),0.7750 (±0.0127),0.7469 (±0.0221),0.7633 (±0.0120),71.4000 (±15.9324),74.4000 (±4.1280),240,48,6,FINETUNED,No
200 Class ISL Base Model Finetuned with 48 Class SSL- 6 Instance Per Class (5 runs avg),0.7649 (±0.0391),0.7720 (±0.0099),0.7578 (±0.0379),0.7692 (±0.0116),68.6000 (±11.0200),76.8000 (±9.2607),200,48,6,FINETUNED,No
160 Class ISL Base Model Finetuned with 48 Class SSL- 6 Instance Per Class (5 runs avg),0.7411 (±0.0227),0.7601 (±0.0133),0.7346 (±0.0223),0.7557 (±0.0117),64.4000 (±1.8547),74.2000 (±14.7431),160,48,6,FINETUNED,No
120 Class ISL Base Model Finetuned with 48 Class SSL- 6 Instance Per Class (5 runs avg),0.7798 (±0.0233),0.7673 (±0.0104),0.7718 (±0.0266),0.7617 (±0.0164),87.8000 (±15.6384),78.2000 (±9.1082),120,48,6,FINETUNED,No
80 Class ISL Base Model Finetuned with 48 Class SSL- 6 Instance Per Class (5 runs avg),0.7976 (±0.0301),0.7923 (±0.0150),0.7917 (±0.0327),0.7860 (±0.0167),84.2000 (±18.3891),74.6000 (±10.6508),80,48,6,FINETUNED,No
80 Class ISL Base Model  (Overlapping) Finetuned with 48 Class SSL- 6 Instance Per Class (5 runs avg),0.7423 (±0.0218),0.7565 (±0.0107),0.7342 (±0.0233),0.7497 (±0.0137),97.2000 (±20.2623),89.8000 (±14.3164),80,48,6,FINETUNED,Yes
80 Class ISL Base Model  (Movement Overlapping) Finetuned with 48 Class SSL- 6 Instance Per Class (5 runs avg),,0.7780 (±0.0233),,0.7738 (±0.0261),,90.6000 (±7.0880),80,48,6,FINETUNED,Movement
240 Class ISL Base Model Finetuned with 48 Class SSL- 4 Instance per Class (5 runs avg),0.7016 (±0.0378),0.6732 (±0.0303),0.6886 (±0.0392),0.6690 (±0.0330),74.2000 (±13.9628),61.0000 (±7.0143),240,48,4,FINETUNED,No
200 Class ISL Base Model Finetuned with 48 Class SSL- 4 Instance Per Class (5 runs avg),0.7063 (±0.0304),0.7042 (±0.0202),0.6979 (±0.0321),0.6915 (±0.0221),81.2000 (±17.4287),77.8000 (±15.0917),200,48,4,FINETUNED,No
160 Class ISL Base Model Finetuned with 48 Class SSL- 4 Instance Per Class (5 runs avg),0.6979 (±0.0186),0.6589 (±0.0181),0.6947 (±0.0196),0.6575 (±0.0190),67.2000 (±10.0479),76.0000 (±8.7407),160,48,4,FINETUNED,No
120 Class ISL Base Model Finetuned with 48 Class SSL- 4 Instance Per Class (5 runs avg),0.6760 (±0.0303),0.6524 (±0.0222),0.6716 (±0.0282),0.6376 (±0.0246),71.2000 (±8.6348),89.0000 (±12.3126),120,48,4,FINETUNED,No
80 Class ISL Base Model Finetuned with 48 Class SSL- 4 Instance Per Class (5 runs avg),0.6823 (±0.0186),0.6810 (±0.0143),0.6759 (±0.0184),0.6749 (±0.0138),81.4000 (±7.6315),81.6000 (±11.5689),80,48,4,FINETUNED,No
80 Class ISL Base Model  (Overlapping) Finetuned with 48 Class SSL- 4 Instance Per Class (5 runs avg),0.6875 (±0.0350),0.6887 (±0.0172),0.6817 (±0.0353),0.6834 (±0.0180),91.6000 (±22.4731),103.4000 (±23.5423),80,48,4,FINETUNED,Yes
80 Class ISL Base Model  (Movement Overlapping) Finetuned with 48 Class SSL- 4 Instance Per Class (5 runs avg),,0.6631 (±0.0238),,0.6531 (±0.0303),,105.4000 (±21.1528),80,48,4,FINETUNED,Movement
240 Class ISL Base Model Finetuned with 48 Class SSL- 3 Instance per Class (5 runs avg),0.6029 (±0.0229),0.6077 (±0.0250),0.5823 (±0.0336),0.5983 (±0.0255),64.0000 (±7.1274),65.0000 (±12.0830),240,48,3,FINETUNED,No
200 Class ISL Base Model Finetuned with 48 Class SSL- 3 Instance Per Class (5 runs avg),0.5838 (±0.0125),0.5988 (±0.0191),0.5755 (±0.0117),0.5979 (±0.0161),57.2000 (±5.5642),64.6000 (±12.1095),200,48,3,FINETUNED,No
160 Class ISL Base Model Finetuned with 48 Class SSL- 3 Instance Per Class (5 runs avg),0.5873 (±0.0212),0.6387 (±0.0205),0.5742 (±0.0204),0.6276 (±0.0207),68.4000 (±6.4992),82.8000 (±13.0445),160,48,3,FINETUNED,No
120 Class ISL Base Model Finetuned with 48 Class SSL- 3 Instance Per Class (5 runs avg),0.5745 (±0.0249),0.5768 (±0.0188),0.5621 (±0.0259),0.5709 (±0.0197),66.2000 (±6.7941),74.6000 (±15.6920),120,48,3,FINETUNED,No
80 Class ISL Base Model Finetuned with 48 Class SSL- 3 Instance Per Class (5 runs avg),0.6118 (±0.0328),0.6387 (±0.0128),0.6017 (±0.0339),0.6307 (±0.0107),87.0000 (±20.7171),87.4000 (±7.6577),80,48,3,FINETUNED,No
80 Class ISL Base Model  (Overlapping) Finetuned with 48 Class SSL- 3 Instance Per Class (5 runs avg),0.5706 (±0.0243),0.5631 (±0.0161),0.5547 (±0.0268),0.5476 (±0.0136),89.4000 (±11.8423),81.4000 (±5.2764),80,48,3,FINETUNED,Yes
80 Class ISL Base Model  (Movement Overlapping) Finetuned with 48 Class SSL- 3 Instance Per Class (5 runs avg),,0.5679 (±0.0246),,0.5611 (±0.0188),,96.0000 (±14.1563),80,48,3,FINETUNED,Movement
240 Class ISL Base Model Finetuned with 48 Class SSL- 2 Instance per Class (5 runs avg),0.4787 (±0.0391),0.5071 (±0.0211),0.4746 (±0.0352),0.5059 (±0.0207),57.4000 (±8.6856),62.2000 (±6.0133),240,48,2,FINETUNED,No
200 Class ISL Base Model Finetuned with 48 Class SSL- 2 Instance Per Class (5 runs avg),0.4569 (±0.0326),0.4821 (±0.0381),0.4508 (±0.0305),0.4800 (±0.0376),55.2000 (±10.2450),63.2000 (±17.1161),200,48,2,FINETUNED,No
160 Class ISL Base Model Finetuned with 48 Class SSL- 2 Instance Per Class (5 runs avg),0.4829 (±0.0583),0.4310 (±0.0260),0.4796 (±0.0608),0.4247 (±0.0255),69.6000 (±18.6719),71.4000 (±16.6685),160,48,2,FINETUNED,No
120 Class ISL Base Model Finetuned with 48 Class SSL- 2 Instance Per Class (5 runs avg),0.4611 (±0.0206),0.4732 (±0.0260),0.4484 (±0.0241),0.4594 (±0.0269),53.4000 (±8.5229),63.8000 (±10.3034),120,48,2,FINETUNED,No
80 Class ISL Base Model Finetuned with 48 Class SSL- 2 Instance Per Class (5 runs avg),0.5435 (±0.0109),0.5327 (±0.0204),0.5340 (±0.0109),0.5225 (±0.0250),85.6000 (±15.4997),76.0000 (±14.2548),80,48,2,FINETUNED,No
80 Class ISL Base Model  (Overlapping) Finetuned with 48 Class SSL- 2 Instance Per Class (5 runs avg),0.4657 (±0.0206),0.4649 (±0.0256),0.4531 (±0.0218),0.4558 (±0.0254),78.8000 (±5.6356),90.4000 (±13.6176),80,48,2,FINETUNED,Yes
80 Class ISL Base Model  (Movement Overlapping) Finetuned with 48 Class SSL- 2 Instance Per Class (5 runs avg),,0.4476 (±0.0429),,0.4361 (±0.0498),,87.6000 (±23.0963),80,48,2,FINETUNED,Movement
64 Class SSL- 6 Instance Per Class (5 runs avg),0.7875 (±0.0218),0.7679 (±0.0156),0.7828 (±0.0240),0.7634 (±0.0148),169.8000 (±17.0106),152.6000 (±17.5909),,64,6,DIRECT,
64 Class SSL- 4 Instance Per Class (5 runs avg),0.6691 (±0.0294),0.6687 (±0.0239),0.6621 (±0.0292),0.6636 (±0.0241),162.8000 (±9.5373),174.2000 (±15.0386),,64,4,DIRECT,
64 Class SSL- 3 Instance Per Class (5 runs avg),0.5382 (±0.0293),0.5277 (±0.0238),0.5318 (±0.0298),0.5237 (±0.0213),199.2000 (±22.7807),185.8000 (±11.1068),,64,3,DIRECT,
64 Class SSL- 2 Instance Per Class (5 runs avg),0.3160 (±0.0494),0.3241 (±0.0405),0.2937 (±0.0511),0.3166 (±0.0405),120.0000 (±17.8885),168.2000 (±21.8211),,64,2,DIRECT,
48 Class SSL- 6 Instance Per Class (5 runs avg),0.7708 (±0.0275),0.7970 (±0.0167),0.7665 (±0.0277),0.7897 (±0.0166),153.0000 (±14.4637),155.6000 (±16.7404),,48,6,DIRECT,
48 Class SSL- 4 Instance Per Class (5 runs avg),0.6276 (±0.0476),0.6369 (±0.0178),0.6234 (±0.0488),0.6322 (±0.0199),143.0000 (±23.2637),165.2000 (±16.2284),,48,4,DIRECT,
48 Class SSL- 3 Instance Per Class (5 runs avg),0.5363 (±0.1143),0.5375 (±0.0229),0.5201 (±0.1234),0.5397 (±0.0207),175.2000 (±45.7795),177.6000 (±18.8637),,48,3,DIRECT,
48 Class SSL- 2 Instance Per Class (5 runs avg),0.3407 (±0.0857),0.2577 (±0.1129),0.3200 (±0.0914),0.2353 (±0.1218),124.4000 (±52.5798),110.8000 (±60.9898),,48,2,DIRECT,