gloss1,gloss2,video2,dtw_distance
Again,Store or Shop,../all_outputs/output_include/Places/Store or Shop/MVI_3555.pkl,126.97973029850128
Age,Month,../all_outputs/output_include/Days_and_Time/Month/MVI_5487.pkl,87.4052943259594
Big,Month,../all_outputs/output_include/Days_and_Time/Month/MVI_5487.pkl,85.92135596621574
Can?,Month,../all_outputs/output_include/Days_and_Time/Month/MVI_5487.pkl,118.67378291068977
Children,Month,../all_outputs/output_include/Days_and_Time/Month/MVI_5487.pkl,86.86604647233001
Class,Month,../all_outputs/output_include/Days_and_Time/Month/MVI_5487.pkl,122.19141158582985
Dialog box,Box,../all_outputs/output_include/Home/Box/MVI_9076.pkl,85.3928464089811
Do,Month,../all_outputs/output_include/Days_and_Time/Month/MVI_5487.pkl,117.57440200788878
English,Dog,../all_outputs/output_include/Animals/Dog/MVI_3085.pkl,86.3012684588756
Exam,Month,../all_outputs/output_include/Days_and_Time/Month/MVI_5487.pkl,118.38389390213624
Go,Month,../all_outputs/output_include/Days_and_Time/Month/MVI_5487.pkl,90.62645715701251
Good,Wednesday,../all_outputs/output_include/Days_and_Time/Wednesday/MVI_5017.pkl,92.57843615405696
Hello,Month,../all_outputs/output_include/Days_and_Time/Month/MVI_5487.pkl,91.75707210184925
Holiday,Month,../all_outputs/output_include/Days_and_Time/Month/MVI_5487.pkl,114.83337942212825
House,Month,../all_outputs/output_include/Days_and_Time/Month/MVI_5487.pkl,124.43822270749253
How,Store or Shop,../all_outputs/output_include/Places/Store or Shop/MVI_3555.pkl,122.11196387949921
How_many,Store or Shop,../all_outputs/output_include/Places/Store or Shop/MVI_3555.pkl,119.47718777405704
It,Store or Shop,../all_outputs/output_include/Places/Store or Shop/MVI_3555.pkl,127.81984945709085
Learn,Month,../all_outputs/output_include/Days_and_Time/Month/MVI_5487.pkl,95.29174424160365
Learn?,Store or Shop,../all_outputs/output_include/Places/Store or Shop/MVI_3555.pkl,117.42162892852645
Little,Month,../all_outputs/output_include/Days_and_Time/Month/MVI_5487.pkl,121.94198626840685
Make,Page,../all_outputs/output_include/Home/Page/MVI_4921.pkl,78.87238695759582
Me,Store or Shop,../all_outputs/output_include/Places/Store or Shop/MVI_3555.pkl,126.68773023361966
Mother,Month,../all_outputs/output_include/Days_and_Time/Month/MVI_5487.pkl,121.48204350840265
My,Month,../all_outputs/output_include/Days_and_Time/Month/MVI_5487.pkl,80.1422025104196
No,Month,../all_outputs/output_include/Days_and_Time/Month/MVI_5487.pkl,118.29622016873682
Now,Month,../all_outputs/output_include/Days_and_Time/Month/MVI_5487.pkl,120.64414129217238
Please,Month,../all_outputs/output_include/Days_and_Time/Month/MVI_5487.pkl,120.89536786320662
Read,Month,../all_outputs/output_include/Days_and_Time/Month/MVI_5487.pkl,93.34257774191232
Relationship,Month,../all_outputs/output_include/Days_and_Time/Month/MVI_5487.pkl,122.24768339720453
Report,Store or Shop,../all_outputs/output_include/Places/Store or Shop/MVI_3555.pkl,117.69803557075527
School,Store or Shop,../all_outputs/output_include/Places/Store or Shop/MVI_3555.pkl,125.52839997283901
See,Month,../all_outputs/output_include/Days_and_Time/Month/MVI_5487.pkl,81.99531521865143
See?,Store or Shop,../all_outputs/output_include/Places/Store or Shop/MVI_3555.pkl,115.85124947757697
Sinhala,Month,../all_outputs/output_include/Days_and_Time/Month/MVI_5487.pkl,96.35619115154152
Sister,Month,../all_outputs/output_include/Days_and_Time/Month/MVI_5487.pkl,124.44693067046417
Sorry,Month,../all_outputs/output_include/Days_and_Time/Month/MVI_5487.pkl,122.12218360881076
Start,Month,../all_outputs/output_include/Days_and_Time/Month/MVI_5487.pkl,90.02321111182658
Stay?,Store or Shop,../all_outputs/output_include/Places/Store or Shop/MVI_3555.pkl,113.95052570068927
Staying,Month,../all_outputs/output_include/Days_and_Time/Month/MVI_5487.pkl,96.39368082372586
Still,Paint,../all_outputs/output_include/Home/Paint/MVI_4414.pkl,131.37766013871598
Talk,Month,../all_outputs/output_include/Days_and_Time/Month/MVI_5487.pkl,113.02079998567885
Talk?,Paint,../all_outputs/output_include/Home/Paint/MVI_4414.pkl,111.07036803990513
Teach,Store or Shop,../all_outputs/output_include/Places/Store or Shop/MVI_3555.pkl,121.48063876388164
Tell,Month,../all_outputs/output_include/Days_and_Time/Month/MVI_5487.pkl,117.86035854023032
Ten_People,Month,../all_outputs/output_include/Days_and_Time/Month/MVI_5487.pkl,123.12921520906019
Thank_You,Month,../all_outputs/output_include/Days_and_Time/Month/MVI_5487.pkl,89.38301867135343
There,Page,../all_outputs/output_include/Home/Page/MVI_4921.pkl,96.58697210850461
To_You,Store or Shop,../all_outputs/output_include/Places/Store or Shop/MVI_3555.pkl,122.80842949853846
Today,Month,../all_outputs/output_include/Days_and_Time/Month/MVI_5487.pkl,119.27167122116165
Tomorrow,Page,../all_outputs/output_include/Home/Page/MVI_4921.pkl,97.79306527314694
Tuesday,Page,../all_outputs/output_include/Home/Page/MVI_4921.pkl,90.5048758709614
Twenty,Month,../all_outputs/output_include/Days_and_Time/Month/MVI_5487.pkl,118.83112941376136
Understand,Month,../all_outputs/output_include/Days_and_Time/Month/MVI_5487.pkl,113.21279423206265
University,Store or Shop,../all_outputs/output_include/Places/Store or Shop/MVI_3555.pkl,124.37763845420456
Video,Month,../all_outputs/output_include/Days_and_Time/Month/MVI_5487.pkl,83.81400242574287
What,Store or Shop,../all_outputs/output_include/Places/Store or Shop/MVI_3555.pkl,114.96045461563457
When,Store or Shop,../all_outputs/output_include/Places/Store or Shop/MVI_3555.pkl,119.6745111749977
Where,Store or Shop,../all_outputs/output_include/Places/Store or Shop/MVI_3555.pkl,117.33989878979777
Write,Month,../all_outputs/output_include/Days_and_Time/Month/MVI_5487.pkl,119.90773385831204
Yes,Month,../all_outputs/output_include/Days_and_Time/Month/MVI_5487.pkl,115.59952347481828
You,Store or Shop,../all_outputs/output_include/Places/Store or Shop/MVI_3555.pkl,120.56536133346958
Your,Month,../all_outputs/output_include/Days_and_Time/Month/MVI_5487.pkl,125.33554989268097
w064,Month,../all_outputs/output_include/Days_and_Time/Month/MVI_5487.pkl,80.74214151349226
